﻿<?xml version="1.0" encoding="utf-8"?>
<cms.contentitemcommondata>
  <ContentItemCommonDataContentItemID>
    <CodeName>DancingGoatRegular-jspvrlaw</CodeName>
    <GUID>b6d5cbe4-2806-492a-8412-584183b225a1</GUID>
    <ObjectType>cms.contentitem</ObjectType>
  </ContentItemCommonDataContentItemID>
  <ContentItemCommonDataContentLanguageID>
    <CodeName>en</CodeName>
    <GUID>e4a8fb12-ebc2-45d0-930f-c9fba2780c85</GUID>
    <ObjectType>cms.contentlanguage</ObjectType>
  </ContentItemCommonDataContentLanguageID>
  <ContentItemCommonDataGUID>556e64e1-33ad-4745-bf17-97ef8f325852</ContentItemCommonDataGUID>
  <ContentItemCommonDataIsLatest>True</ContentItemCommonDataIsLatest>
  <ContentItemCommonDataVersionStatus>0</ContentItemCommonDataVersionStatus>
  <ContentItemReferences>
    <cms.contentitemreference>
      <ContentItemReferenceGroupGUID>82b7639d-e97f-4020-8926-55577729926a</ContentItemReferenceGroupGUID>
      <ContentItemReferenceGUID>9203ad88-8642-442c-bedc-29c2ee05cfe6</ContentItemReferenceGUID>
      <ContentItemReferenceSourceCommonDataID>
        <GUID>556e64e1-33ad-4745-bf17-97ef8f325852</GUID>
        <ObjectType>cms.contentitemcommondata</ObjectType>
      </ContentItemReferenceSourceCommonDataID>
      <ContentItemReferenceTargetItemID>
        <CodeName>Facebook-h85hvkli</CodeName>
        <GUID>28ec44a4-17e5-4aa9-a8f3-63e6c23e93b1</GUID>
        <ObjectType>cms.contentitem</ObjectType>
      </ContentItemReferenceTargetItemID>
    </cms.contentitemreference>
    <cms.contentitemreference>
      <ContentItemReferenceGroupGUID>82b7639d-e97f-4020-8926-55577729926a</ContentItemReferenceGroupGUID>
      <ContentItemReferenceGUID>0cd5d5df-8a25-4336-8ba8-ae8e2e05c810</ContentItemReferenceGUID>
      <ContentItemReferenceSourceCommonDataID>
        <GUID>556e64e1-33ad-4745-bf17-97ef8f325852</GUID>
        <ObjectType>cms.contentitemcommondata</ObjectType>
      </ContentItemReferenceSourceCommonDataID>
      <ContentItemReferenceTargetItemID>
        <CodeName>Twitter-i4s1h9pp</CodeName>
        <GUID>015129c5-8972-47b8-963c-e3d52ef69e7e</GUID>
        <ObjectType>cms.contentitem</ObjectType>
      </ContentItemReferenceTargetItemID>
    </cms.contentitemreference>
    <cms.contentitemreference>
      <ContentItemReferenceGroupGUID>8cc584c3-2a5f-4c45-9267-c946f766399a</ContentItemReferenceGroupGUID>
      <ContentItemReferenceGUID>228394a3-8835-410b-b1fd-d3ab42b5b154</ContentItemReferenceGUID>
      <ContentItemReferenceSourceCommonDataID>
        <GUID>556e64e1-33ad-4745-bf17-97ef8f325852</GUID>
        <ObjectType>cms.contentitemcommondata</ObjectType>
      </ContentItemReferenceSourceCommonDataID>
      <ContentItemReferenceTargetItemID>
        <CodeName>Logos_Logo-dancing-goat.png-1gxova27</CodeName>
        <GUID>96aaf7e4-b57b-4fb4-ae2c-25e8191e7079</GUID>
        <ObjectType>cms.contentitem</ObjectType>
      </ContentItemReferenceTargetItemID>
    </cms.contentitemreference>
  </ContentItemReferences>
</cms.contentitemcommondata>