﻿<?xml version="1.0" encoding="utf-8"?>
<cms.contentitem>
  <ContentItemChannelID>
    <CodeName>DancingGoatPages</CodeName>
    <GUID>c430f96d-bd56-4448-b6ab-bce41a58f186</GUID>
    <ObjectType>cms.channel</ObjectType>
  </ContentItemChannelID>
  <ContentItemContentTypeID>
    <CodeName>DancingGoat.ArticlePage</CodeName>
    <GUID>9b5e6c86-ebd1-4471-8f5d-dca72e39b12b</GUID>
    <ObjectType>cms.contenttype</ObjectType>
  </ContentItemContentTypeID>
  <ContentItemGUID>5d820bad-6499-41a5-ba81-a237e9304a73</ContentItemGUID>
  <ContentItemIsReusable>False</ContentItemIsReusable>
  <ContentItemIsSecured>False</ContentItemIsSecured>
  <ContentItemName>TheResilientRobusta_ACoffeeWithCharacter-ggt69k95</ContentItemName>
</cms.contentitem>