﻿<?xml version="1.0" encoding="utf-8"?>
<cms.userrole>
  <Parent>
    <CodeName>Administrator</CodeName>
    <GUID>2c98af39-5f89-4639-8451-0b80eb100df8</GUID>
    <ObjectType>cms.role</ObjectType>
  </Parent>
  <Bindings>
    <Binding id="cms.user_administrator">
      <UserID>
        <CodeName>administrator</CodeName>
        <GUID>6415b8ce-8072-4bcd-8e48-9d7178b826b7</GUID>
        <ObjectType>cms.user</ObjectType>
      </UserID>
    </Binding>
  </Bindings>
</cms.userrole>