﻿<?xml version="1.0" encoding="utf-8"?>
<cms.contentitem>
  <ContentItemContentFolderID>
    <CodeName>Root-DancingGoat.DancingGoatLtd</CodeName>
    <GUID>8e9a7524-da1b-4a74-80ff-9642b0d33bd4</GUID>
    <ObjectType>cms.contentfolder</ObjectType>
  </ContentItemContentFolderID>
  <ContentItemContentTypeID>
    <CodeName>DancingGoat.Grinder</CodeName>
    <GUID>fa282f6c-4f05-435e-b520-720d1a5347d8</GUID>
    <ObjectType>cms.contenttype</ObjectType>
  </ContentItemContentTypeID>
  <ContentItemGUID>1aaa937c-1423-4b69-947c-d1d5d1374a2e</ContentItemGUID>
  <ContentItemIsReusable>True</ContentItemIsReusable>
  <ContentItemIsSecured>False</ContentItemIsSecured>
  <ContentItemName>AnfimSuperCaimano-o6tkko7z</ContentItemName>
  <ContentItemWorkspaceID>
    <CodeName>DancingGoat.DancingGoatLtd</CodeName>
    <GUID>4972d424-6c85-45f1-ac71-2576716a4e8c</GUID>
    <ObjectType>cms.workspace</ObjectType>
  </ContentItemWorkspaceID>
</cms.contentitem>