﻿<?xml version="1.0" encoding="utf-8"?>
<contentitemdata.dancinggoat.image>
  <ContentItemDataCommonDataID>
    <GUID>6ce2fea3-96f7-4b73-bf80-8f7a466167b8</GUID>
    <ObjectType>cms.contentitemcommondata</ObjectType>
    <Parent>
      <CodeName>Banners_Hero-bg.jpg-pz1z1uqw</CodeName>
      <GUID>b5881f66-102a-4b14-99dd-d713cde77584</GUID>
      <ObjectType>cms.contentitem</ObjectType>
    </Parent>
  </ContentItemDataCommonDataID>
  <ContentItemDataGUID>7f4615ab-59d2-47d7-821d-f2fe4e5d1533</ContentItemDataGUID>
  <ImageFile>
    <![CDATA[{"Variants":{},"FocalPoint":{"X":720,"Y":289},"Identifier":"4faf9f31-e84c-4b6c-9015-02f358f1951f","Name":"hero-bg.jpg","Extension":".jpg","Size":282134,"Width":1440,"Height":579,"LastModified":"2023-06-14T15:37:33.2876011Z"}]]>
  </ImageFile>
</contentitemdata.dancinggoat.image>