﻿<?xml version="1.0" encoding="utf-8"?>
<ma.automationaction>
  <ActionAssemblyName>CMS.ContactManagement</ActionAssemblyName>
  <ActionClass>
    <![CDATA[CMS.ContactManagement.Internal.SetContactFieldValueAction]]>
  </ActionClass>
  <ActionDescription>
    <![CDATA[Using this step, you can automatically set the value of the contact field as part of the automation process.]]>
  </ActionDescription>
  <ActionDisplayName>Set contact field value</ActionDisplayName>
  <ActionEnabled>True</ActionEnabled>
  <ActionGUID>359a06b1-7cf2-47c1-9a9a-96122f2148e0</ActionGUID>
  <ActionName>Set_contact_field_value</ActionName>
  <ActionWorkflowType>3</ActionWorkflowType>
</ma.automationaction>