﻿<?xml version="1.0" encoding="utf-8"?>
<cms.workspacedatapermission>
  <WorkspaceDataPermissionApplicationName>Kentico.Xperience.Application.ContentHub</WorkspaceDataPermissionApplicationName>
  <WorkspaceDataPermissionGUID>9b5acb26-6623-4db4-9cec-14a1515743ce</WorkspaceDataPermissionGUID>
  <WorkspaceDataPermissionPermissionName>View</WorkspaceDataPermissionPermissionName>
  <WorkspaceDataPermissionRoleID>
    <CodeName>DancingGoat.ArticleReviewer</CodeName>
    <GUID>4c5783ce-57d3-41f7-9ae9-baaf875e91aa</GUID>
    <ObjectType>cms.role</ObjectType>
  </WorkspaceDataPermissionRoleID>
  <WorkspaceDataPermissionWorkspaceID>
    <CodeName>DancingGoat.DancingGoatEvents</CodeName>
    <GUID>ec4b090a-a67e-40e8-aec2-fcfbc37067bd</GUID>
    <ObjectType>cms.workspace</ObjectType>
  </WorkspaceDataPermissionWorkspaceID>
</cms.workspacedatapermission>