﻿<?xml version="1.0" encoding="utf-8"?>
<cms.smartfolder>
  <SmartFolderCreatedByUserID>
    <CodeName>administrator</CodeName>
    <GUID>6415b8ce-8072-4bcd-8e48-9d7178b826b7</GUID>
    <ObjectType>cms.user</ObjectType>
  </SmartFolderCreatedByUserID>
  <SmartFolderCreatedWhen>2024-12-12 10:23:42Z</SmartFolderCreatedWhen>
  <SmartFolderDisplayName>Content in draft</SmartFolderDisplayName>
  <SmartFolderFilter>
    <![CDATA[{"workflowStatuses":["Draft"],"contentItemIsSecured":null,"selectedLastModifiedTimeFrame":"absolute","lastModifiedAbsolute":null,"lastModifiedRelative":null,"classGUID":null,"tags":null,"lastPublishedAbsolute":null,"lastPublishedRelative":null,"selectedLastPublishedTimeFrame":"absolute"}]]>
  </SmartFolderFilter>
  <SmartFolderGUID>75b088fa-7164-4dfe-9f0e-dc141b7ea626</SmartFolderGUID>
  <SmartFolderIsContentDeliveryEnabled>False</SmartFolderIsContentDeliveryEnabled>
  <SmartFolderName>dancinggoat.content_in_draft</SmartFolderName>
  <SmartFolderWorkspaceID>
    <CodeName>DancingGoat.DancingGoatLtd</CodeName>
    <GUID>4972d424-6c85-45f1-ac71-2576716a4e8c</GUID>
    <ObjectType>cms.workspace</ObjectType>
  </SmartFolderWorkspaceID>
</cms.smartfolder>